Title,description
https://payme.uz,"Now, analyze the website at following this strict algorithm and provide a JSON response with ONLY verified physical office locations."
https://click.uz,"Now, analyze the website at following this strict algorithm and provide a JSON response with ONLY verified physical office locations."
https://upay.uz,"Now, analyze the website at following this strict algorithm and provide a JSON response with ONLY verified physical office locations."
https://paynet.uz,"Now, analyze the website at following this strict algorithm and provide a JSON response with ONLY verified physical office locations."
https://oson.uz,"Now, analyze the website at following this strict algorithm and provide a JSON response with ONLY verified physical office locations."
https://mbank.uz,"Now, analyze the website at following this strict algorithm and provide a JSON response with ONLY verified physical office locations."
https://uzcard.uz,"Now, analyze the website at following this strict algorithm and provide a JSON response with ONLY verified physical office locations."
https://humo.uz,"Now, analyze the website at following this strict algorithm and provide a JSON response with ONLY verified physical office locations."
https://agropay.uz,"Now, analyze the website at following this strict algorithm and provide a JSON response with ONLY verified physical office locations."
https://korzinka.uz,"Now, analyze the website at following this strict algorithm and provide a JSON response with ONLY verified physical office locations."
https://qiwi.uz,"Now, analyze the website at following this strict algorithm and provide a JSON response with ONLY verified physical office locations."
https://myuzcard.uz,"Now, analyze the website at following this strict algorithm and provide a JSON response with ONLY verified physical office locations."
https://kapitalbank.uz,"Now, analyze the website at following this strict algorithm and provide a JSON response with ONLY verified physical office locations."
https://infinbank.uz,"Now, analyze the website at following this strict algorithm and provide a JSON response with ONLY verified physical office locations."
https://ipakyulibank.uz,"Now, analyze the website at following this strict algorithm and provide a JSON response with ONLY verified physical office locations."
https://xalqbank.uz,"Now, analyze the website at following this strict algorithm and provide a JSON response with ONLY verified physical office locations."
https://tbcbank.uz,"Now, analyze the website at following this strict algorithm and provide a JSON response with ONLY verified physical office locations."
https://trustbank.uz,"Now, analyze the website at following this strict algorithm and provide a JSON response with ONLY verified physical office locations."
https://ofb.uz,"Now, analyze the website at following this strict algorithm and provide a JSON response with ONLY verified physical office locations."
https://aab.uz,"Now, analyze the website at following this strict algorithm and provide a JSON response with ONLY verified physical office locations."
https://ravnaqbank.uz,"Now, analyze the website at following this strict algorithm and provide a JSON response with ONLY verified physical office locations."
https://universalbank.uz,"Now, analyze the website at following this strict algorithm and provide a JSON response with ONLY verified physical office locations."
https://turonbank.uz,"Now, analyze the website at following this strict algorithm and provide a JSON response with ONLY verified physical office locations."
https://qqb.uz,"Now, analyze the website at following this strict algorithm and provide a JSON response with ONLY verified physical office locations."
https://alokabank.uz,"Now, analyze the website at following this strict algorithm and provide a JSON response with ONLY verified physical office locations."
https://madadpay.uz,"Now, analyze the website at following this strict algorithm and provide a JSON response with ONLY verified physical office locations."
https://microcreditbank.uz,"Now, analyze the website at following this strict algorithm and provide a JSON response with ONLY verified physical office locations."
https://uzum.uz,"Now, analyze the website at following this strict algorithm and provide a JSON response with ONLY verified physical office locations."
https://nbu.uz,"Now, analyze the website at following this strict algorithm and provide a JSON response with ONLY verified physical office locations."
https://zaminbank.uz,"Now, analyze the website at following this strict algorithm and provide a JSON response with ONLY verified physical office locations."
https://qpay.uz,"Now, analyze the website at following this strict algorithm and provide a JSON response with ONLY verified physical office locations."
https://xalqmobil.uz,"Now, analyze the website at following this strict algorithm and provide a JSON response with ONLY verified physical office locations."
https://humocard.uz,"Now, analyze the website at following this strict algorithm and provide a JSON response with ONLY verified physical office locations."
https://epospay.uz,"Now, analyze the website at following this strict algorithm and provide a JSON response with ONLY verified physical office locations."
https://express24.uz,"Now, analyze the website at following this strict algorithm and provide a JSON response with ONLY verified physical office locations."
https://visa.com,"Now, analyze the website at following this strict algorithm and provide a JSON response with ONLY verified physical office locations."
https://mastercard.uz,"Now, analyze the website at following this strict algorithm and provide a JSON response with ONLY verified physical office locations."
https://unionpayintl.com,"Now, analyze the website at following this strict algorithm and provide a JSON response with ONLY verified physical office locations."
https://e-pul.uz,"Now, analyze the website at following this strict algorithm and provide a JSON response with ONLY verified physical office locations."
https://dono.uz,"Now, analyze the website at following this strict algorithm and provide a JSON response with ONLY verified physical office locations."
https://goldenpay.uz,"Now, analyze the website at following this strict algorithm and provide a JSON response with ONLY verified physical office locations."
https://mypay.uz,"Now, analyze the website at following this strict algorithm and provide a JSON response with ONLY verified physical office locations."
https://easypay.uz,"Now, analyze the website at following this strict algorithm and provide a JSON response with ONLY verified physical office locations."
https://apelsin.uz,"Now, analyze the website at following this strict algorithm and provide a JSON response with ONLY verified physical office locations."
https://bankxalq.uz,"Now, analyze the website at following this strict algorithm and provide a JSON response with ONLY verified physical office locations."
https://nextpay.uz,"Now, analyze the website at following this strict algorithm and provide a JSON response with ONLY verified physical office locations."
https://robokassa.uz,"Now, analyze the website at following this strict algorithm and provide a JSON response with ONLY verified physical office locations."
https://uztelecom.uz,"Now, analyze the website at following this strict algorithm and provide a JSON response with ONLY verified physical office locations."
https://mobilbank.uz,"Now, analyze the website at following this strict algorithm and provide a JSON response with ONLY verified physical office locations."
https://technopay.uz,"Now, analyze the website at following this strict algorithm and provide a JSON response with ONLY verified physical office locations."
https://artelpay.uz,"Now, analyze the website at following this strict algorithm and provide a JSON response with ONLY verified physical office locations."
https://halqpay.uz,"Now, analyze the website at following this strict algorithm and provide a JSON response with ONLY verified physical office locations."
https://qpaymobile.uz,"Now, analyze the website at following this strict algorithm and provide a JSON response with ONLY verified physical office locations."
https://tezcard.uz,"Now, analyze the website at following this strict algorithm and provide a JSON response with ONLY verified physical office locations."
https://milliybank.uz,"Now, analyze the website at following this strict algorithm and provide a JSON response with ONLY verified physical office locations."
https://uzmobpay.uz,"Now, analyze the website at following this strict algorithm and provide a JSON response with ONLY verified physical office locations."
https://mobimobilepay.uz,"Now, analyze the website at following this strict algorithm and provide a JSON response with ONLY verified physical office locations."
https://fidopay.uz,"Now, analyze the website at following this strict algorithm and provide a JSON response with ONLY verified physical office locations."
https://zetpay.uz,"Now, analyze the website at following this strict algorithm and provide a JSON response with ONLY verified physical office locations."
https://tengemobile.uz,"Now, analyze the website at following this strict algorithm and provide a JSON response with ONLY verified physical office locations."
https://zpay.uz,"Now, analyze the website at following this strict algorithm and provide a JSON response with ONLY verified physical office locations."
https://orippo.uz,"Now, analyze the website at following this strict algorithm and provide a JSON response with ONLY verified physical office locations."
https://bestpay.uz,"Now, analyze the website at following this strict algorithm and provide a JSON response with ONLY verified physical office locations."
https://loyihapay.uz,"Now, analyze the website at following this strict algorithm and provide a JSON response with ONLY verified physical office locations."
https://easywallet.uz,"Now, analyze the website at following this strict algorithm and provide a JSON response with ONLY verified physical office locations."
https://onipay.uz,"Now, analyze the website at following this strict algorithm and provide a JSON response with ONLY verified physical office locations."
https://remitcard.uz,"Now, analyze the website at following this strict algorithm and provide a JSON response with ONLY verified physical office locations."
https://digitalpay.uz,"Now, analyze the website at following this strict algorithm and provide a JSON response with ONLY verified physical office locations."
https://solispay.uz,"Now, analyze the website at following this strict algorithm and provide a JSON response with ONLY verified physical office locations."
https://smartpay.uz,"Now, analyze the website at following this strict algorithm and provide a JSON response with ONLY verified physical office locations."
https://turbopay.uz,"Now, analyze the website at following this strict algorithm and provide a JSON response with ONLY verified physical office locations."
https://gigapay.uz,"Now, analyze the website at following this strict algorithm and provide a JSON response with ONLY verified physical office locations."
https://electropay.uz,"Now, analyze the website at following this strict algorithm and provide a JSON response with ONLY verified physical office locations."
https://payline.uz,"Now, analyze the website at following this strict algorithm and provide a JSON response with ONLY verified physical office locations."
https://koinpay.uz,"Now, analyze the website at following this strict algorithm and provide a JSON response with ONLY verified physical office locations."
https://pluspay.uz,"Now, analyze the website at following this strict algorithm and provide a JSON response with ONLY verified physical office locations."
https://bpay.uz,"Now, analyze the website at following this strict algorithm and provide a JSON response with ONLY verified physical office locations."
https://komipay.uz,"Now, analyze the website at following this strict algorithm and provide a JSON response with ONLY verified physical office locations."
https://aktivpay.uz,"Now, analyze the website at following this strict algorithm and provide a JSON response with ONLY verified physical office locations."
https://integrapay.uz,"Now, analyze the website at following this strict algorithm and provide a JSON response with ONLY verified physical office locations."
https://optimapay.uz,"Now, analyze the website at following this strict algorithm and provide a JSON response with ONLY verified physical office locations."
https://uzcryptopay.uz,"Now, analyze the website at following this strict algorithm and provide a JSON response with ONLY verified physical office locations."
https://sterlingpay.uz,"Now, analyze the website at following this strict algorithm and provide a JSON response with ONLY verified physical office locations."
https://coinmart.uz,"Now, analyze the website at following this strict algorithm and provide a JSON response with ONLY verified physical office locations."
https://bitcash.uz,"Now, analyze the website at following this strict algorithm and provide a JSON response with ONLY verified physical office locations."
https://fastpay.uz,"Now, analyze the website at following this strict algorithm and provide a JSON response with ONLY verified physical office locations."
https://cashback.uz,"Now, analyze the website at following this strict algorithm and provide a JSON response with ONLY verified physical office locations."
https://qikpay.uz,"Now, analyze the website at following this strict algorithm and provide a JSON response with ONLY verified physical office locations."
https://toppay.uz,"Now, analyze the website at following this strict algorithm and provide a JSON response with ONLY verified physical office locations."
https://finpay.uz,"Now, analyze the website at following this strict algorithm and provide a JSON response with ONLY verified physical office locations."
https://bestcard.uz,"Now, analyze the website at following this strict algorithm and provide a JSON response with ONLY verified physical office locations."
https://sumpay.uz,"Now, analyze the website at following this strict algorithm and provide a JSON response with ONLY verified physical office locations."
https://luxpay.uz,"Now, analyze the website at following this strict algorithm and provide a JSON response with ONLY verified physical office locations."
https://agropay.uz,"Now, analyze the website at following this strict algorithm and provide a JSON response with ONLY verified physical office locations."
https://ipay.uz,"Now, analyze the website at following this strict algorithm and provide a JSON response with ONLY verified physical office locations."
https://usellpay.uz,"Now, analyze the website at following this strict algorithm and provide a JSON response with ONLY verified physical office locations."
https://avrorapay.uz,"Now, analyze the website at following this strict algorithm and provide a JSON response with ONLY verified physical office locations."
https://billionpay.uz,"Now, analyze the website at following this strict algorithm and provide a JSON response with ONLY verified physical office locations."
https://zpay.uz,"Now, analyze the website at following this strict algorithm and provide a JSON response with ONLY verified physical office locations."
